"filename", "language", "Rust", "comment", "blank", "total"
"/home/ayanami/桌面/软件设计/DataAnalyzer/src/checker/data_check_rule.rs", "Rust", 4, 0, 2, 6
"/home/ayanami/桌面/软件设计/DataAnalyzer/src/checker/geometry_check_rule.rs", "Rust", 40, 1, 8, 49
"/home/ayanami/桌面/软件设计/DataAnalyzer/src/checker/mod.rs", "Rust", 2, 0, 1, 3
"/home/ayanami/桌面/软件设计/DataAnalyzer/src/data/data.rs", "Rust", 206, 2, 40, 248
"/home/ayanami/桌面/软件设计/DataAnalyzer/src/data/data_pair.rs", "Rust", 9, 0, 3, 12
"/home/ayanami/桌面/软件设计/DataAnalyzer/src/data/mod.rs", "Rust", 3, 1, 0, 4
"/home/ayanami/桌面/软件设计/DataAnalyzer/src/data/object_io/config_reader.rs", "Rust", 22, 0, 7, 29
"/home/ayanami/桌面/软件设计/DataAnalyzer/src/data/object_io/config_writer.rs", "Rust", 24, 0, 6, 30
"/home/ayanami/桌面/软件设计/DataAnalyzer/src/data/object_io/mod.rs", "Rust", 2, 0, 0, 2
"/home/ayanami/桌面/软件设计/DataAnalyzer/src/data_creater.rs", "Rust", 175, 1, 30, 206
"/home/ayanami/桌面/软件设计/DataAnalyzer/src/error.rs", "Rust", 24, 0, 8, 32
"/home/ayanami/桌面/软件设计/DataAnalyzer/src/excel_reader.rs", "Rust", 83, 1, 20, 104
"/home/ayanami/桌面/软件设计/DataAnalyzer/src/extractor_pipeline.rs", "Rust", 166, 6, 32, 204
"/home/ayanami/桌面/软件设计/DataAnalyzer/src/log.rs", "Rust", 70, 0, 10, 80
"/home/ayanami/桌面/软件设计/DataAnalyzer/src/main.rs", "Rust", 91, 18, 7, 116
"/home/ayanami/桌面/软件设计/DataAnalyzer/src/progress_table.rs", "Rust", 43, 0, 8, 51
"/home/ayanami/桌面/软件设计/DataAnalyzer/src/sink/data_checker.rs", "Rust", 43, 0, 10, 53
"/home/ayanami/桌面/软件设计/DataAnalyzer/src/sink/data_sink.rs", "Rust", 13, 0, 4, 17
"/home/ayanami/桌面/软件设计/DataAnalyzer/src/sink/database/database_row_mapping.rs", "Rust", 6, 0, 2, 8
"/home/ayanami/桌面/软件设计/DataAnalyzer/src/sink/database/mod.rs", "Rust", 3, 0, 1, 4
"/home/ayanami/桌面/软件设计/DataAnalyzer/src/sink/database/mysql_database_sink.rs", "Rust", 230, 0, 36, 266
"/home/ayanami/桌面/软件设计/DataAnalyzer/src/sink/database/sqlite_database_sink.rs", "Rust", 230, 0, 34, 264
"/home/ayanami/桌面/软件设计/DataAnalyzer/src/sink/end_sink.rs", "Rust", 11, 0, 5, 16
"/home/ayanami/桌面/软件设计/DataAnalyzer/src/sink/material_production/material_production_sink.rs", "Rust", 128, 0, 26, 154
"/home/ayanami/桌面/软件设计/DataAnalyzer/src/sink/material_production/material_production_stat.rs", "Rust", 6, 0, 2, 8
"/home/ayanami/桌面/软件设计/DataAnalyzer/src/sink/material_production/mod.rs", "Rust", 4, 0, 2, 6
"/home/ayanami/桌面/软件设计/DataAnalyzer/src/sink/mod.rs", "Rust", 8, 0, 1, 9
"/home/ayanami/桌面/软件设计/DataAnalyzer/src/sink/operator_puaration/mod.rs", "Rust", 11, 0, 3, 14
"/home/ayanami/桌面/软件设计/DataAnalyzer/src/sink/operator_puaration/operator_output_metric_columns.rs", "Rust", 9, 0, 2, 11
"/home/ayanami/桌面/软件设计/DataAnalyzer/src/sink/operator_puaration/operator_parser.rs", "Rust", 29, 0, 8, 37
"/home/ayanami/桌面/软件设计/DataAnalyzer/src/sink/operator_puaration/operator_puaration_db_config.rs", "Rust", 7, 0, 2, 9
"/home/ayanami/桌面/软件设计/DataAnalyzer/src/sink/operator_puaration/operator_puaration_sink.rs", "Rust", 268, 0, 46, 314
"/home/ayanami/桌面/软件设计/DataAnalyzer/src/sink/operator_puaration/operator_puaration_sink_config.rs", "Rust", 70, 0, 4, 74
"/home/ayanami/桌面/软件设计/DataAnalyzer/src/sink/operator_puaration/operator_puaration_stat.rs", "Rust", 9, 0, 2, 11
"/home/ayanami/桌面/软件设计/DataAnalyzer/src/sink/operator_puaration/operator_vector_field_config.rs", "Rust", 6, 0, 2, 8
"/home/ayanami/桌面/软件设计/DataAnalyzer/src/sink/puaration/mod.rs", "Rust", 10, 0, 3, 13
"/home/ayanami/桌面/软件设计/DataAnalyzer/src/sink/puaration/output_metric_columns.rs", "Rust", 9, 0, 2, 11
"/home/ayanami/桌面/软件设计/DataAnalyzer/src/sink/puaration/process_vector.rs", "Rust", 9, 0, 2, 11
"/home/ayanami/桌面/软件设计/DataAnalyzer/src/sink/puaration/puaration_db_config.rs", "Rust", 7, 0, 2, 9
"/home/ayanami/桌面/软件设计/DataAnalyzer/src/sink/puaration/puaration_sink/db_persistence.rs", "Rust", 144, 0, 23, 167
"/home/ayanami/桌面/软件设计/DataAnalyzer/src/sink/puaration/puaration_sink/json_persistence.rs", "Rust", 80, 0, 12, 92
"/home/ayanami/桌面/软件设计/DataAnalyzer/src/sink/puaration/puaration_sink/mod.rs", "Rust", 58, 0, 12, 70
"/home/ayanami/桌面/软件设计/DataAnalyzer/src/sink/puaration/puaration_sink/stats.rs", "Rust", 64, 0, 13, 77
"/home/ayanami/桌面/软件设计/DataAnalyzer/src/sink/puaration/puaration_sink_config.rs", "Rust", 68, 0, 4, 72
"/home/ayanami/桌面/软件设计/DataAnalyzer/src/sink/puaration/puaration_stat.rs", "Rust", 8, 0, 1, 9
"/home/ayanami/桌面/软件设计/DataAnalyzer/src/sink/puaration/vector_field_config.rs", "Rust", 6, 0, 2, 8
"/home/ayanami/桌面/软件设计/DataAnalyzer/src/sink/stats_flow/mod.rs", "Rust", 4, 0, 3, 7
"/home/ayanami/桌面/软件设计/DataAnalyzer/src/sink/stats_flow/stats_flow_config.rs", "Rust", 16, 0, 3, 19
"/home/ayanami/桌面/软件设计/DataAnalyzer/src/sink/stats_flow/stats_flow_sink.rs", "Rust", 65, 0, 12, 77
"/home/ayanami/桌面/软件设计/DataAnalyzer/src/test/data_checker_test.rs", "Rust", 53, 0, 15, 68
"/home/ayanami/桌面/软件设计/DataAnalyzer/src/test/data_creater_test.rs", "Rust", 356, 0, 41, 397
"/home/ayanami/桌面/软件设计/DataAnalyzer/src/test/db_fetcher.rs", "Rust", 53, 0, 8, 61
"/home/ayanami/桌面/软件设计/DataAnalyzer/src/test/error_checker.rs", "Rust", 16, 0, 3, 19
"/home/ayanami/桌面/软件设计/DataAnalyzer/src/test/extractor_pipeline/forward_sink.rs", "Rust", 20, 0, 5, 25
"/home/ayanami/桌面/软件设计/DataAnalyzer/src/test/extractor_pipeline/leaf_sink.rs", "Rust", 18, 0, 5, 23
"/home/ayanami/桌面/软件设计/DataAnalyzer/src/test/extractor_pipeline/mock_creater.rs", "Rust", 35, 0, 8, 43
"/home/ayanami/桌面/软件设计/DataAnalyzer/src/test/extractor_pipeline/mock_reader.rs", "Rust", 16, 0, 4, 20
"/home/ayanami/桌面/软件设计/DataAnalyzer/src/test/extractor_pipeline/mod.rs", "Rust", 5, 0, 1, 6
"/home/ayanami/桌面/软件设计/DataAnalyzer/src/test/extractor_pipeline/run_should_send_all_drain_data_to_sink_chain_test.rs", "Rust", 31, 0, 5, 36
"/home/ayanami/桌面/软件设计/DataAnalyzer/src/test/geometry_error_entry.rs", "Rust", 30, 0, 5, 35
"/home/ayanami/桌面/软件设计/DataAnalyzer/src/test/log_check_validator.rs", "Rust", 46, 1, 7, 54
"/home/ayanami/桌面/软件设计/DataAnalyzer/src/test/log_entry.rs", "Rust", 6, 0, 1, 7
"/home/ayanami/桌面/软件设计/DataAnalyzer/src/test/log_parser.rs", "Rust", 18, 0, 3, 21
"/home/ayanami/桌面/软件设计/DataAnalyzer/src/test/material_production_sink_test.rs", "Rust", 39, 0, 8, 47
"/home/ayanami/桌面/软件设计/DataAnalyzer/src/test/mod.rs", "Rust", 15, 0, 1, 16
"/home/ayanami/桌面/软件设计/DataAnalyzer/src/test/operator_parser_test.rs", "Rust", 18, 0, 4, 22
"/home/ayanami/桌面/软件设计/DataAnalyzer/src/test/operator_puaration_sink_test.rs", "Rust", 59, 0, 9, 68
"/home/ayanami/桌面/软件设计/DataAnalyzer/src/test/puaration_sink_test.rs", "Rust", 70, 0, 12, 82
"/home/ayanami/桌面/软件设计/DataAnalyzer/src/test/sqlite_database_sink_test.rs", "Rust", 69, 0, 11, 80
"/home/ayanami/桌面/软件设计/DataAnalyzer/src/test/test_log_check.rs", "Rust", 60, 0, 6, 66
"/home/ayanami/桌面/软件设计/DataAnalyzer/src/traits.rs", "Rust", 11, 0, 3, 14
"Total", "-", 3647, 31, 633, 4311